Workbook

Sheet GiaoDich
A1: Ma_GD | B1: Ma_GD_TRIM | C1: Ngay_GD | D1: Thang | E1: Loai_GD | F1: Ngan_Hang | G1: Phi_DV | H1: Phi_NH | I1: Lai_Rong | J1: Ten_Nguoi_Dung
A2: PK2608-0002 | B2: =TRIM(A2) -> PK2608-0002 | C2: 46237 | D2: =MONTH(C2) -> 8 | E2: Chuyển tiền | F2: BIDV | G2: 3000 | H2: 1900 | I2: =G2-H2 -> 1100 | J2: =VLOOKUP(B2,TraCuu!$A$2:$B$25,2,FALSE()) -> Đặng Ngọc Linh
A3: PK2608-0004 | B3: =TRIM(A3) -> PK2608-0004 | C3: 46237 | D3: =MONTH(C3) -> 8 | E3: Nạp ví từ ngân hàng | F3: Techcombank | G3: 1100 | H3: 2300 | I3: =G3-H3 -> -1200 | J3: =VLOOKUP(B3,TraCuu!$A$2:$B$25,2,FALSE()) -> Lương Bích Ngọc
A4: PK2608-0003 | B4: =TRIM(A4) -> PK2608-0003 | C4: 46239 | D4: =MONTH(C4) -> 8 | E4: Nạp ví từ ngân hàng | F4: Vietcombank | G4: 2900 | H4: 4400 | I4: =G4-H4 -> -1500 | J4: =VLOOKUP(B4,TraCuu!$A$2:$B$25,2,FALSE()) -> Huỳnh Thanh Hằng
A5: PK2608-0001 | B5: =TRIM(A5) -> PK2608-0001 | C5: 46242 | D5: =MONTH(C5) -> 8 | E5: Chuyển tiền | F5: BIDV | G5: 11200 | H5: 7200 | I5: =G5-H5 -> 4000 | J5: =VLOOKUP(B5,TraCuu!$A$2:$B$25,2,FALSE()) -> Tạ Văn Long
A6: PK2608-0007 | B6: =TRIM(A6) -> PK2608-0007 | C6: 46248 | D6: =MONTH(C6) -> 8 | E6: Nạp ví từ ngân hàng | F6: MB Bank | G6: 2500 | H6: 3500 | I6: =G6-H6 -> -1000 | J6: =VLOOKUP(B6,TraCuu!$A$2:$B$25,2,FALSE()) -> Đinh Công Sơn
A7: PK2608-0008 | B7: =TRIM(A7) -> PK2608-0008 | C7: 46249 | D7: =MONTH(C7) -> 8 | E7: Nạp điện thoại | F7: Techcombank | G7: 19600 | H7: 2100 | I7: =G7-H7 -> 17500 | J7: =VLOOKUP(B7,TraCuu!$A$2:$B$25,2,FALSE()) -> Nguyễn Thị Hồng Nhung
A8: PK2608-0005 | B8: =TRIM(A8) -> PK2608-0005 | C8: 46258 | D8: =MONTH(C8) -> 8 | E8: Nạp ví từ ngân hàng | F8: Techcombank | G8: 3000 | H8: 6300 | I8: =G8-H8 -> -3300 | J8: =VLOOKUP(B8,TraCuu!$A$2:$B$25,2,FALSE()) -> Hoàng Thu Trang
A9: PK2608-0006 | B9: =TRIM(A9) -> PK2608-0006 | C9: 46262 | D9: =MONTH(C9) -> 8 | E9: Nạp ví từ ngân hàng | F9: Techcombank | G9: 2400 | H9: 5000 | I9: =G9-H9 -> -2600 | J9: =VLOOKUP(B9,TraCuu!$A$2:$B$25,2,FALSE()) -> Thái Hoài An
A10: PK2609-0013 | B10: =TRIM(A10) -> PK2609-0013 | C10: 46266 | D10: =MONTH(C10) -> 9 | E10: Thanh toán học phí | F10: MB Bank | G10: 41400 | H10: 19300 | I10: =G10-H10 -> 22100 | J10: =VLOOKUP(B10,TraCuu!$A$2:$B$25,2,FALSE()) -> Chu Ngọc Hân
A11: PK2609-0010 | B11: =TRIM(A11) -> PK2609-0010 | C11: 46277 | D11: =MONTH(C11) -> 9 | E11: Nạp điện thoại | F11: Techcombank | G11: 8400 | H11: 900 | I11: =G11-H11 -> 7500 | J11: =VLOOKUP(B11,TraCuu!$A$2:$B$25,2,FALSE()) -> Huỳnh Thanh Hằng
A12: PK2609-0012 | B12: =TRIM(A12) -> PK2609-0012 | C12: 46277 | D12: =MONTH(C12) -> 9 | E12: Chuyển tiền | F12: BIDV | G12: 12000 | H12: 7700 | I12: =G12-H12 -> 4300 | J12: =VLOOKUP(B12,TraCuu!$A$2:$B$25,2,FALSE()) -> Võ Anh Khoa
A13: PK2609-0011 | B13: =TRIM(A13) -> PK2609-0011 | C13: 46281 | D13: =MONTH(C13) -> 9 | E13: Chuyển tiền | F13: BIDV | G13: 10000 | H13: 6400 | I13: =G13-H13 -> 3600 | J13: =VLOOKUP(B13,TraCuu!$A$2:$B$25,2,FALSE()) -> Lâm Gia Bảo
... A25: PK2610-0021 | B25: =TRIM(A25) -> PK2610-0021 | C25: 46322 | D25: =MONTH(C25) -> 10 | E25: Chuyển tiền | F25: Vietcombank | G25: 8000 | H25: 4800 | I25: =G25-H25 -> 3200 | J25: =VLOOKUP(B25,TraCuu!$A$2:$B$25,2,FALSE()) -> Lê Thị Cẩm Tú

Sheet TraCuu
A1: Ma_GD | B1: Ten_Nguoi_Dung
A2: PK2608-0002 | B2: Đặng Ngọc Linh
A3: PK2608-0004 | B3: Lương Bích Ngọc
A4: PK2608-0003 | B4: Huỳnh Thanh Hằng
A5: PK2608-0001 | B5: Tạ Văn Long
A6: PK2608-0007 | B6: Đinh Công Sơn
A7: PK2608-0008 | B7: Nguyễn Thị Hồng Nhung
A8: PK2608-0005 | B8: Hoàng Thu Trang
A9: PK2608-0006 | B9: Thái Hoài An
A10: PK2609-0013 | B10: Chu Ngọc Hân
A11: PK2609-0010 | B11: Huỳnh Thanh Hằng
A12: PK2609-0012 | B12: Võ Anh Khoa
... A25: PK2610-0021 | B25: Lê Thị Cẩm Tú

Sheet TongHop
A1: Thang | B1: Doanh_Thu | C1: Phi_NH | D1: Lai_Rong
A2: 8 | B2: =SUMIFS(GiaoDich!$G$2:$G$25,GiaoDich!$D$2:$D$25,A2) -> 45700 | C2: =SUMIFS(GiaoDich!$H$2:$H$25,GiaoDich!$D$2:$D$25,A2) -> 32700 | D2: =B2-C2 -> 13000
A3: 9 | B3: =SUMIFS(GiaoDich!$G$2:$G$25,GiaoDich!$D$2:$D$25,A3) -> 83400 | C3: =SUMIFS(GiaoDich!$H$2:$H$25,GiaoDich!$D$2:$D$25,A3) -> 46600 | D3: =B3-C3 -> 36800
A4: 10 | B4: =SUMIFS(GiaoDich!$G$2:$G$25,GiaoDich!$D$2:$D$25,A4) -> 99800 | C4: =SUMIFS(GiaoDich!$H$2:$H$25,GiaoDich!$D$2:$D$25,A4) -> 37300 | D4: =B4-C4 -> 62500
A6: Loai_GD | B6: Lai_Rong
A7: Nạp điện thoại | B7: =SUMIFS(GiaoDich!$I$2:$I$25,GiaoDich!$E$2:$E$25,A7) -> 62800
A8: Chuyển tiền | B8: =SUMIFS(GiaoDich!$I$2:$I$25,GiaoDich!$E$2:$E$25,A8) -> 24500
A9: Thanh toán học phí | B9: =SUMIFS(GiaoDich!$I$2:$I$25,GiaoDich!$E$2:$E$25,A9) -> 36500
A10: Nạp ví từ ngân hàng | B10: =SUMIFS(GiaoDich!$I$2:$I$25,GiaoDich!$E$2:$E$25,A10) -> -11500
A12: Ngan_Hang | B12: Phi_NH
A13: Vietcombank | B13: =SUMIFS(GiaoDich!$H$2:$H$25,GiaoDich!$F$2:$F$25,A13) -> 25900
A14: BIDV | B14: =SUMIFS(GiaoDich!$H$2:$H$25,GiaoDich!$F$2:$F$25,A14) -> 36500
A15: Techcombank | B15: =SUMIFS(GiaoDich!$H$2:$H$25,GiaoDich!$F$2:$F$25,A15) -> 27200
A16: MB Bank | B16: =SUMIFS(GiaoDich!$H$2:$H$25,GiaoDich!$F$2:$F$25,A16) -> 27000
A18: So_ma_thua_khoang_trang | B18: =SUMPRODUCT(--(LEN(GiaoDich!$A$2:$A$25)<>LEN(TRIM(GiaoDich!$A$2:$A$25)))) -> 7
